Data;Valor;Descrição
27/09/2018;41.750,16;Decrição produto 6600
03/06/2018;23.178,44;Decrição produto 5683
06/05/2018;65.775,86;Decrição produto 8347
17/06/2019;57.497,25;Decrição produto 4138
13/03/2019;61.120,58;Decrição produto 9919
11/11/2018;86.590,91;Decrição produto 9731
22/09/2018;96.388,48;Decrição produto 5374
11/09/2019;95.519,19;Decrição produto 2680
27/06/2018;9.763,13;Decrição produto 4961
05/05/2018;13.755,6;Decrição produto 3901
21/05/2019;98.304,76;Decrição produto 7364
06/12/2018;25.676,11;Decrição produto 7608
06/07/2019;45.928,5;Decrição produto 7518
29/07/2019;52.450,38;Decrição produto 1956
16/02/2019;79.191,29;Decrição produto 9518
29/03/2019;65.816,98;Decrição produto 7936
18/03/2019;98.729,83;Decrição produto 0727
07/04/2019;54.841,98;Decrição produto 9474
03/09/2019;43.239,79;Decrição produto 9334
08/02/2019;39.361,76;Decrição produto 7404
18/04/2019;10.254,23;Decrição produto 7087
20/05/2019;29.687,76;Decrição produto 5171
24/07/2018;89.751,75;Decrição produto 3356
18/08/2018;75.449,8;Decrição produto 9529
30/11/2018;7.277,88;Decrição produto 6848
03/03/2019;28.744,10;Decrição produto 4393
06/11/2018;39.553,74;Decrição produto 4973
13/07/2019;19.894,18;Decrição produto 5761
11/07/2018;80.494,27;Decrição produto 7280
09/11/2018;81.337,96;Decrição produto 9456
25/01/2019;34.558,78;Decrição produto 9293
28/05/2019;69.175,83;Decrição produto 1787
30/01/2019;0.430,99;Decrição produto 1185
17/01/2019;62.752,93;Decrição produto 5581
15/05/2019;90.681,51;Decrição produto 0395
17/06/2019;56.225,97;Decrição produto 2373
13/03/2019;88.780,98;Decrição produto 7063
07/03/2019;60.458,21;Decrição produto 3250
02/11/2018;5.203,56;Decrição produto 9374
24/05/2019;96.816,92;Decrição produto 4639
25/05/2018;96.439,16;Decrição produto 3081
13/08/2019;17.572,29;Decrição produto 6708
29/03/2019;3.469,10;Decrição produto 3665
14/05/2018;35.147,50;Decrição produto 0707
15/04/2019;58.349,95;Decrição produto 3207
05/03/2019;76.316,78;Decrição produto 0532
02/12/2018;74.634,49;Decrição produto 8006
28/01/2019;53.872,92;Decrição produto 4989
30/07/2019;29.971,65;Decrição produto 4914
05/10/2018;25.156,34;Decrição produto 8870
29/08/2019;18.170,36;Decrição produto 6850
28/07/2019;11.687,81;Decrição produto 9946
16/11/2018;61.696,70;Decrição produto 1629
23/07/2018;91.409,87;Decrição produto 0568
10/08/2018;46.844,80;Decrição produto 7882
11/08/2018;76.347,15;Decrição produto 2618
01/08/2018;89.293,96;Decrição produto 3136
18/08/2018;31.507,1;Decrição produto 4555
26/01/2019;85.474,71;Decrição produto 3511
07/07/2019;20.452,0;Decrição produto 7780
08/11/2018;92.120,60;Decrição produto 0770
09/08/2019;99.245,31;Decrição produto 8364
15/09/2018;69.926,51;Decrição produto 3104
07/07/2019;8.647,26;Decrição produto 7007
26/10/2018;13.709,68;Decrição produto 8283
25/05/2019;67.844,11;Decrição produto 0377
16/12/2018;99.488,28;Decrição produto 3382
10/06/2019;98.927,50;Decrição produto 9619
14/12/2018;48.308,7;Decrição produto 8655
16/12/2018;1.840,63;Decrição produto 9861
11/03/2019;7.109,71;Decrição produto 7982
06/01/2019;52.993,94;Decrição produto 2290
10/09/2019;32.602,36;Decrição produto 7036
17/05/2018;45.309,54;Decrição produto 3402
30/12/2018;80.951,90;Decrição produto 4900
03/06/2018;7.492,21;Decrição produto 4840
13/05/2018;74.389,79;Decrição produto 0098
26/07/2019;59.698,71;Decrição produto 8399
13/05/2019;71.210,0;Decrição produto 6979
21/08/2018;51.555,31;Decrição produto 3872
05/06/2019;52.847,4;Decrição produto 3775
12/08/2019;5.746,40;Decrição produto 6692
02/08/2018;5.150,86;Decrição produto 3603
11/09/2018;81.970,46;Decrição produto 7105
28/06/2018;63.702,73;Decrição produto 6025
21/04/2019;81.434,31;Decrição produto 3697
06/06/2019;37.804,97;Decrição produto 4427
09/11/2018;9.159,83;Decrição produto 9511
05/02/2019;73.596,23;Decrição produto 8355
04/08/2019;18.270,52;Decrição produto 8338
07/12/2018;92.528,52;Decrição produto 9154
24/02/2019;20.874,58;Decrição produto 3636
18/12/2018;57.680,68;Decrição produto 3959
18/06/2019;23.165,35;Decrição produto 1305
22/05/2018;9.731,61;Decrição produto 0408
27/09/2018;30.676,16;Decrição produto 2087
25/05/2019;90.773,78;Decrição produto 9805
11/11/2018;36.856,88;Decrição produto 5322
28/06/2018;35.947,50;Decrição produto 2515
10/11/2018;71.603,32;Decrição produto 1602
23/05/2018;51.264,2;Decrição produto 5479
01/02/2019;55.969,7;Decrição produto 7911
07/11/2018;15.319,75;Decrição produto 3862
14/01/2019;63.911,36;Decrição produto 0896
14/01/2019;49.456,54;Decrição produto 9860
12/11/2018;29.900,22;Decrição produto 4107
02/04/2019;9.598,44;Decrição produto 7578
21/05/2019;97.394,96;Decrição produto 8001
08/11/2018;61.633,76;Decrição produto 2967
17/05/2018;38.653,37;Decrição produto 2057
21/08/2019;54.109,78;Decrição produto 3938
17/01/2019;48.684,92;Decrição produto 1430
16/08/2018;88.151,65;Decrição produto 1141
06/01/2019;34.848,95;Decrição produto 7059
26/10/2018;15.478,19;Decrição produto 4892
30/03/2019;95.737,73;Decrição produto 9936
20/05/2019;10.784,58;Decrição produto 0251
31/05/2019;61.609,83;Decrição produto 1798
30/05/2019;5.591,5;Decrição produto 9157
14/08/2019;2.101,21;Decrição produto 8643
23/02/2019;44.103,59;Decrição produto 5100
13/06/2018;51.984,98;Decrição produto 8760
23/07/2019;73.469,66;Decrição produto 2427
27/11/2018;29.388,41;Decrição produto 5450
04/08/2019;50.979,73;Decrição produto 1311
21/08/2018;26.955,44;Decrição produto 7769
31/08/2018;18.550,66;Decrição produto 8858
22/11/2018;18.654,52;Decrição produto 7328
14/04/2019;87.486,45;Decrição produto 7144
10/05/2018;50.637,23;Decrição produto 4958
26/04/2019;1.135,28;Decrição produto 8014
04/05/2018;59.784,93;Decrição produto 5946
24/05/2019;57.869,13;Decrição produto 3827
23/06/2018;90.449,19;Decrição produto 2709
26/02/2019;60.839,28;Decrição produto 6539
07/11/2018;70.743,83;Decrição produto 9928
15/09/2018;76.256,39;Decrição produto 0363
22/06/2019;91.978,91;Decrição produto 2968
04/09/2019;3.620,95;Decrição produto 9388
29/03/2019;64.744,15;Decrição produto 7755
21/06/2018;29.612,64;Decrição produto 5881
11/05/2019;91.763,7;Decrição produto 9792
26/06/2018;33.302,9;Decrição produto 9615
11/12/2018;15.808,61;Decrição produto 1318
04/05/2018;90.685,22;Decrição produto 2312
21/03/2019;28.828,7;Decrição produto 8182
31/07/2018;85.213,40;Decrição produto 5878
28/12/2018;8.914,69;Decrição produto 0840
12/04/2019;49.374,94;Decrição produto 7223
12/02/2019;59.326,58;Decrição produto 0517
13/08/2018;71.892,16;Decrição produto 9972
15/08/2019;86.992,18;Decrição produto 8142
25/07/2019;70.842,36;Decrição produto 4323
28/07/2019;47.355,52;Decrição produto 7937
16/05/2018;37.111,85;Decrição produto 5845
15/10/2018;34.737,52;Decrição produto 3086
07/08/2019;71.845,63;Decrição produto 3256
14/07/2018;57.404,74;Decrição produto 3494
16/04/2019;49.394,77;Decrição produto 7747
07/07/2018;6.116,22;Decrição produto 1923
10/07/2019;70.779,12;Decrição produto 7015
13/03/2019;45.126,58;Decrição produto 0740
09/07/2018;28.806,93;Decrição produto 9774
05/01/2019;95.554,13;Decrição produto 5615
18/05/2018;71.361,88;Decrição produto 0118
26/02/2019;97.175,81;Decrição produto 6554
22/06/2018;16.195,23;Decrição produto 5952
06/08/2019;46.532,88;Decrição produto 3915
19/05/2018;30.824,10;Decrição produto 0921
31/12/2018;41.680,80;Decrição produto 8247
16/06/2018;62.489,32;Decrição produto 2565
23/03/2019;51.357,75;Decrição produto 6258
22/10/2018;58.515,70;Decrição produto 0984
05/08/2018;79.230,79;Decrição produto 6993
07/05/2019;41.126,81;Decrição produto 8945
01/01/2019;68.981,20;Decrição produto 6576
11/02/2019;8.203,40;Decrição produto 3090
30/05/2018;70.116,44;Decrição produto 8207
09/07/2018;98.676,44;Decrição produto 4431
14/11/2018;61.192,33;Decrição produto 5527
03/07/2019;36.127,92;Decrição produto 8957
12/10/2018;0.145,0;Decrição produto 1882
18/07/2018;18.212,84;Decrição produto 6688
03/08/2019;89.421,33;Decrição produto 0264
31/01/2019;34.584,86;Decrição produto 6390
18/07/2019;85.641,79;Decrição produto 1448
30/08/2019;4.284,17;Decrição produto 9769
29/05/2019;37.326,11;Decrição produto 3051
18/08/2018;69.800,77;Decrição produto 2471
02/01/2019;78.527,68;Decrição produto 0510
19/07/2019;38.204,77;Decrição produto 7394
06/09/2018;56.632,22;Decrição produto 3431
29/10/2018;19.930,53;Decrição produto 0246
12/08/2018;76.837,6;Decrição produto 4335
10/09/2018;13.340,6;Decrição produto 2819
05/07/2019;86.256,94;Decrição produto 5554
20/08/2019;99.320,91;Decrição produto 9140
07/08/2018;94.912,31;Decrição produto 3252
11/05/2018;56.949,27;Decrição produto 6887
18/05/2018;11.771,53;Decrição produto 1713
01/07/2019;55.298,88;Decrição produto 2846
23/03/2019;62.847,38;Decrição produto 2588
09/07/2018;70.408,86;Decrição produto 1558
14/12/2018;45.848,5;Decrição produto 9560
22/07/2018;30.266,60;Decrição produto 1850
12/05/2018;96.492,74;Decrição produto 9139
02/07/2018;15.313,36;Decrição produto 9311
22/07/2019;21.298,29;Decrição produto 3460
25/11/2018;69.193,69;Decrição produto 6274
16/05/2019;3.551,5;Decrição produto 3026
12/12/2018;73.544,46;Decrição produto 4478
05/12/2018;37.770,72;Decrição produto 6155
14/01/2019;9.638,99;Decrição produto 1044
05/03/2019;23.158,23;Decrição produto 4249
06/02/2019;30.436,83;Decrição produto 3056
23/06/2019;8.225,88;Decrição produto 2222
12/11/2018;24.762,42;Decrição produto 0505
13/06/2019;97.832,12;Decrição produto 3867
16/07/2018;8.730,50;Decrição produto 9954
08/07/2019;66.254,23;Decrição produto 0092
30/11/2018;74.453,7;Decrição produto 9831
17/01/2019;75.777,25;Decrição produto 4928
17/03/2019;0.747,16;Decrição produto 3583
23/03/2019;41.139,58;Decrição produto 2308
24/07/2019;86.383,10;Decrição produto 8011
29/08/2019;17.492,81;Decrição produto 0470
19/11/2018;65.762,36;Decrição produto 6716
27/12/2018;62.345,11;Decrição produto 6313
03/08/2019;70.712,29;Decrição produto 1946
06/09/2019;93.764,58;Decrição produto 5294
27/08/2019;28.974,91;Decrição produto 6223
12/12/2018;34.758,0;Decrição produto 1224
26/02/2019;77.403,11;Decrição produto 7721
14/08/2018;46.716,45;Decrição produto 7126
18/07/2019;67.577,61;Decrição produto 0179
15/04/2019;8.347,0;Decrição produto 1787
01/10/2018;50.914,85;Decrição produto 6732
20/07/2019;87.343,42;Decrição produto 5533
01/04/2019;44.780,32;Decrição produto 6890
02/08/2018;90.911,17;Decrição produto 0260
15/10/2018;96.664,43;Decrição produto 8933
12/05/2018;81.894,68;Decrição produto 0218
04/12/2018;78.554,77;Decrição produto 5906
17/09/2018;1.192,60;Decrição produto 1295
23/12/2018;43.455,20;Decrição produto 2592
19/06/2019;85.249,89;Decrição produto 0542
12/10/2018;69.302,36;Decrição produto 0953
05/06/2018;20.320,67;Decrição produto 1773
20/07/2018;5.502,21;Decrição produto 4001
01/12/2018;14.849,74;Decrição produto 9142
31/10/2018;11.309,2;Decrição produto 4497
27/12/2018;43.527,17;Decrição produto 9486
14/05/2019;22.836,77;Decrição produto 2204
23/10/2018;89.535,44;Decrição produto 9087
05/01/2019;20.585,49;Decrição produto 4249
31/03/2019;6.203,67;Decrição produto 9693
28/01/2019;95.280,8;Decrição produto 7638
12/07/2019;85.342,53;Decrição produto 0096
24/12/2018;24.143,73;Decrição produto 8945
17/05/2019;6.900,41;Decrição produto 3070
28/05/2018;89.140,10;Decrição produto 2464
21/09/2018;86.621,64;Decrição produto 5289
29/03/2019;58.379,78;Decrição produto 7260
29/05/2019;92.779,0;Decrição produto 8818
06/02/2019;0.265,72;Decrição produto 4428
03/05/2018;55.389,14;Decrição produto 5965
13/05/2018;0.456,8;Decrição produto 9249
17/05/2018;78.793,25;Decrição produto 3701
06/01/2019;20.502,76;Decrição produto 0466
14/07/2018;70.311,35;Decrição produto 2894
15/11/2018;12.665,55;Decrição produto 6636
12/11/2018;29.441,80;Decrição produto 2096
13/01/2019;68.669,69;Decrição produto 9666
16/07/2019;75.632,85;Decrição produto 3777
29/07/2019;22.494,44;Decrição produto 9283
08/08/2018;56.564,95;Decrição produto 0826
01/01/2019;28.753,48;Decrição produto 6111
02/05/2018;34.506,0;Decrição produto 8116
28/12/2018;25.860,24;Decrição produto 6013
19/03/2019;97.888,37;Decrição produto 3986
07/06/2019;76.649,58;Decrição produto 2117
14/08/2018;32.961,31;Decrição produto 9217
05/05/2018;15.243,14;Decrição produto 3144
05/08/2019;51.670,90;Decrição produto 7489
19/11/2018;4.575,66;Decrição produto 8634
24/11/2018;28.714,47;Decrição produto 2904
31/03/2019;24.767,32;Decrição produto 6649
15/05/2019;29.511,14;Decrição produto 8775
03/01/2019;62.529,83;Decrição produto 9112
27/10/2018;40.841,57;Decrição produto 5872
09/09/2019;68.715,47;Decrição produto 5258
10/05/2018;74.730,95;Decrição produto 7676
28/02/2019;44.576,27;Decrição produto 5691
23/05/2018;13.711,7;Decrição produto 5734
13/02/2019;80.432,1;Decrição produto 5313
10/09/2018;91.672,99;Decrição produto 2571
20/01/2019;97.636,20;Decrição produto 4413
21/01/2019;74.237,21;Decrição produto 0405
20/05/2018;39.436,24;Decrição produto 8401
14/10/2018;73.934,19;Decrição produto 2570
26/06/2018;98.508,8;Decrição produto 2043
24/12/2018;47.612,84;Decrição produto 4087
04/10/2018;65.662,53;Decrição produto 4320
13/03/2019;99.936,41;Decrição produto 0702
26/06/2019;66.385,74;Decrição produto 7405
02/08/2018;60.769,10;Decrição produto 8920
19/10/2018;35.259,28;Decrição produto 8332
12/06/2018;71.670,99;Decrição produto 0311
30/06/2018;79.964,27;Decrição produto 9514
14/08/2018;9.766,30;Decrição produto 1698
11/10/2018;57.940,6;Decrição produto 5201
05/02/2019;4.412,43;Decrição produto 2663
05/05/2018;84.901,12;Decrição produto 5478
03/09/2019;92.680,60;Decrição produto 4687
08/12/2018;34.949,51;Decrição produto 1824
08/08/2018;12.587,71;Decrição produto 3827
02/04/2019;72.166,21;Decrição produto 6153
25/02/2019;48.185,79;Decrição produto 6808
19/04/2019;55.793,57;Decrição produto 2393
21/06/2018;60.483,10;Decrição produto 3786
01/04/2019;3.439,6;Decrição produto 8964
24/02/2019;34.499,26;Decrição produto 6234
28/05/2018;30.801,41;Decrição produto 6272
24/10/2018;55.485,53;Decrição produto 5997
06/09/2019;88.189,98;Decrição produto 4160
05/06/2018;56.866,15;Decrição produto 1586
11/11/2018;42.553,2;Decrição produto 7281
26/03/2019;51.469,57;Decrição produto 3663
21/06/2019;48.560,82;Decrição produto 4221
03/09/2019;54.606,7;Decrição produto 2038
11/02/2019;70.773,78;Decrição produto 7575
16/02/2019;85.624,97;Decrição produto 0585
22/02/2019;74.843,29;Decrição produto 3768
19/09/2018;5.144,14;Decrição produto 4775
24/01/2019;83.567,30;Decrição produto 5360
15/12/2018;13.280,86;Decrição produto 4807
02/06/2018;91.628,97;Decrição produto 2579
19/04/2019;44.213,42;Decrição produto 5190
19/04/2019;16.566,40;Decrição produto 6549
14/02/2019;32.349,22;Decrição produto 3252
25/09/2018;69.321,43;Decrição produto 6888
24/08/2018;40.961,95;Decrição produto 7102
04/08/2018;84.362,9;Decrição produto 6295
20/05/2019;74.723,8;Decrição produto 4558
28/05/2018;81.400,51;Decrição produto 8000
27/07/2019;35.518,73;Decrição produto 2976
25/07/2018;17.431,19;Decrição produto 5831
30/07/2019;98.326,95;Decrição produto 6625
21/07/2018;10.664,12;Decrição produto 4174
30/03/2019;14.290,58;Decrição produto 7032
06/10/2018;38.365,29;Decrição produto 0729
11/11/2018;78.409,36;Decrição produto 4694
14/10/2018;54.194,13;Decrição produto 5025
15/07/2019;30.890,79;Decrição produto 4622
20/08/2019;78.407,96;Decrição produto 7344
14/12/2018;86.556,52;Decrição produto 2454
05/05/2018;96.333,84;Decrição produto 8268
24/08/2018;73.675,24;Decrição produto 7348
16/06/2019;4.211,4;Decrição produto 5560
07/01/2019;13.993,86;Decrição produto 7026
08/08/2018;55.525,21;Decrição produto 9045
01/03/2019;65.693,50;Decrição produto 5503
27/07/2018;32.945,86;Decrição produto 2340
08/10/2018;13.654,71;Decrição produto 2659
23/06/2018;59.737,94;Decrição produto 5816
17/08/2018;54.474,43;Decrição produto 6359
09/09/2019;25.852,64;Decrição produto 7279
19/09/2018;67.453,93;Decrição produto 0340
09/05/2018;42.484,62;Decrição produto 1917
11/01/2019;50.179,9;Decrição produto 4205
07/11/2018;92.388,45;Decrição produto 6067
24/09/2018;80.703,56;Decrição produto 7418
13/07/2018;87.429,14;Decrição produto 0653
08/05/2018;0.563,12;Decrição produto 2090
26/05/2019;0.283,73;Decrição produto 5908
30/06/2018;39.794,7;Decrição produto 5485
19/08/2019;8.896,19;Decrição produto 5370
04/09/2018;31.436,45;Decrição produto 1977
20/07/2019;44.242,77;Decrição produto 6350
25/01/2019;60.453,90;Decrição produto 9071
10/04/2019;93.882,6;Decrição produto 4079
11/09/2019;72.660,71;Decrição produto 9103
04/07/2019;53.335,59;Decrição produto 7823
21/07/2018;47.936,74;Decrição produto 5244
17/08/2019;31.621,32;Decrição produto 9625
15/07/2018;9.817,24;Decrição produto 5925
12/10/2018;10.405,55;Decrição produto 9026
04/08/2018;73.508,13;Decrição produto 2148
29/03/2019;72.872,33;Decrição produto 3941
03/03/2019;54.754,67;Decrição produto 5535
26/07/2019;22.729,50;Decrição produto 0229
19/06/2018;85.920,11;Decrição produto 4921
05/12/2018;11.671,66;Decrição produto 3818
02/04/2019;88.319,98;Decrição produto 5812
06/11/2018;43.495,74;Decrição produto 5243
20/12/2018;9.143,20;Decrição produto 0614
03/09/2019;35.717,27;Decrição produto 1040
30/03/2019;23.800,72;Decrição produto 5387
22/08/2018;52.292,45;Decrição produto 2631
31/03/2019;74.466,42;Decrição produto 0420
10/06/2018;31.910,8;Decrição produto 4904
20/10/2018;82.765,4;Decrição produto 0025
08/07/2019;20.119,67;Decrição produto 6074
30/05/2019;34.495,18;Decrição produto 3838
06/07/2018;49.130,60;Decrição produto 6001
14/06/2019;29.884,9;Decrição produto 4193
21/01/2019;16.950,10;Decrição produto 6563
18/08/2018;1.283,11;Decrição produto 5275
11/07/2019;32.916,33;Decrição produto 9385
03/02/2019;16.907,77;Decrição produto 9875
30/11/2018;18.858,73;Decrição produto 3178
15/10/2018;30.158,81;Decrição produto 0467
25/01/2019;88.696,14;Decrição produto 0808
22/10/2018;7.126,60;Decrição produto 0039
05/06/2018;30.297,57;Decrição produto 5737
27/06/2018;75.847,25;Decrição produto 4857
19/03/2019;16.971,63;Decrição produto 5461
29/10/2018;74.962,98;Decrição produto 7316
09/08/2018;46.442,5;Decrição produto 6722
02/03/2019;67.205,89;Decrição produto 3471
17/12/2018;41.646,89;Decrição produto 8711
23/05/2018;62.269,22;Decrição produto 2674
09/10/2018;17.180,78;Decrição produto 1669
07/01/2019;81.390,72;Decrição produto 5299
09/06/2018;23.648,86;Decrição produto 4874
03/08/2019;31.967,47;Decrição produto 0540
17/09/2018;10.474,76;Decrição produto 3337
15/07/2018;63.135,27;Decrição produto 0259
23/02/2019;56.873,81;Decrição produto 9947
11/05/2018;69.520,96;Decrição produto 9524
15/11/2018;32.995,84;Decrição produto 4557
01/09/2018;22.495,76;Decrição produto 2721
09/07/2019;95.289,90;Decrição produto 0786
08/02/2019;9.413,6;Decrição produto 6805
08/12/2018;15.163,2;Decrição produto 5172
09/09/2018;45.735,82;Decrição produto 9885
31/07/2019;76.190,60;Decrição produto 3463
19/12/2018;82.361,33;Decrição produto 6585
06/11/2018;4.161,27;Decrição produto 3018
14/07/2018;88.711,46;Decrição produto 8961
21/06/2019;10.609,92;Decrição produto 9207
04/09/2019;87.753,82;Decrição produto 9519
15/06/2019;93.361,84;Decrição produto 2054
23/04/2019;15.461,47;Decrição produto 8466
11/03/2019;94.913,46;Decrição produto 7332
03/02/2019;64.131,55;Decrição produto 5693
08/06/2019;20.296,10;Decrição produto 7601
24/07/2018;33.679,57;Decrição produto 1094
25/06/2019;68.495,25;Decrição produto 0954
26/08/2018;69.408,51;Decrição produto 4210
14/09/2018;38.337,95;Decrição produto 7558
23/01/2019;10.388,55;Decrição produto 4588
21/08/2019;37.927,57;Decrição produto 4160
09/01/2019;86.468,29;Decrição produto 2537
11/06/2018;48.506,12;Decrição produto 0738
24/07/2018;59.171,69;Decrição produto 0724
02/11/2018;17.733,2;Decrição produto 1946
22/07/2018;59.582,23;Decrição produto 5152
14/02/2019;63.192,83;Decrição produto 3621
18/07/2019;24.834,84;Decrição produto 4880
08/10/2018;14.611,38;Decrição produto 0382
13/03/2019;63.546,11;Decrição produto 5451
08/01/2019;58.699,44;Decrição produto 9381
27/05/2019;93.362,17;Decrição produto 7661
21/10/2018;99.165,20;Decrição produto 9382
02/07/2019;1.489,47;Decrição produto 0945
30/01/2019;72.601,46;Decrição produto 3677
25/06/2018;53.907,28;Decrição produto 1835
23/08/2018;50.981,92;Decrição produto 5587
23/01/2019;6.718,86;Decrição produto 4077
02/09/2019;95.855,46;Decrição produto 3943
27/08/2018;76.890,44;Decrição produto 7584
07/02/2019;74.794,37;Decrição produto 9645
01/04/2019;46.954,11;Decrição produto 2082
24/12/2018;67.962,11;Decrição produto 5734
31/05/2019;78.230,53;Decrição produto 7287
16/03/2019;61.635,10;Decrição produto 6885
01/07/2019;30.861,33;Decrição produto 6398
26/05/2018;51.131,6;Decrição produto 0541
18/01/2019;34.688,58;Decrição produto 1824
12/06/2018;86.275,79;Decrição produto 4217
20/11/2018;98.274,22;Decrição produto 1945
28/04/2019;73.897,24;Decrição produto 9263
26/10/2018;89.707,20;Decrição produto 7939
21/04/2019;33.259,18;Decrição produto 7703
24/10/2018;44.783,91;Decrição produto 4422
01/05/2018;97.322,39;Decrição produto 9124
31/07/2018;99.215,86;Decrição produto 0635
30/12/2018;83.871,37;Decrição produto 2143
07/07/2018;40.263,49;Decrição produto 2698
31/05/2018;20.130,81;Decrição produto 5035
20/05/2018;51.447,43;Decrição produto 3496
20/10/2018;77.274,67;Decrição produto 1468
19/02/2019;94.147,46;Decrição produto 2792
15/05/2019;5.748,26;Decrição produto 9273
26/10/2018;19.949,11;Decrição produto 0257
02/08/2019;13.215,76;Decrição produto 2291
12/10/2018;22.148,64;Decrição produto 9593
14/03/2019;51.850,32;Decrição produto 4499
20/06/2018;31.546,47;Decrição produto 6304
24/04/2019;81.648,26;Decrição produto 3470
15/02/2019;61.478,69;Decrição produto 8034
30/04/2019;10.455,57;Decrição produto 6585
08/07/2019;15.249,91;Decrição produto 2835
08/09/2018;84.768,58;Decrição produto 9610
25/12/2018;58.433,91;Decrição produto 7658
05/05/2018;70.593,45;Decrição produto 9561
03/05/2018;53.642,52;Decrição produto 1265
01/09/2019;15.836,47;Decrição produto 8181
24/08/2019;96.581,91;Decrição produto 1950
11/05/2019;25.123,99;Decrição produto 2636
11/07/2019;56.648,21;Decrição produto 0204
28/08/2018;54.300,76;Decrição produto 7467
30/06/2018;46.345,41;Decrição produto 2340
20/12/2018;20.714,37;Decrição produto 3965
12/07/2018;97.868,65;Decrição produto 5324
29/06/2018;16.723,63;Decrição produto 4635
06/06/2018;69.725,65;Decrição produto 4886
10/08/2019;37.912,37;Decrição produto 0047
12/06/2019;60.445,38;Decrição produto 6101
06/04/2019;19.282,98;Decrição produto 2757
01/09/2019;32.261,87;Decrição produto 3684
18/07/2019;65.529,34;Decrição produto 2225
26/02/2019;74.397,37;Decrição produto 1992
04/08/2018;18.695,15;Decrição produto 3038
29/04/2019;34.567,99;Decrição produto 5612
10/04/2019;69.843,99;Decrição produto 1667
28/04/2019;14.774,73;Decrição produto 7404
27/09/2018;98.961,14;Decrição produto 1347
23/11/2018;29.399,80;Decrição produto 5999
29/09/2018;40.306,8;Decrição produto 9225
22/04/2019;73.436,25;Decrição produto 8726
01/12/2018;45.540,68;Decrição produto 8175
23/07/2019;3.870,20;Decrição produto 2691
28/06/2018;78.954,75;Decrição produto 3534
02/06/2019;6.965,70;Decrição produto 2376
14/05/2018;81.903,44;Decrição produto 7687
05/09/2018;38.259,0;Decrição produto 1278
20/06/2018;44.942,23;Decrição produto 4651
12/05/2019;67.679,28;Decrição produto 3766
09/07/2019;58.347,24;Decrição produto 9443
31/10/2018;80.263,36;Decrição produto 1464
31/10/2018;60.285,59;Decrição produto 8346
25/11/2018;18.744,65;Decrição produto 2915
25/11/2018;89.689,13;Decrição produto 1401
11/01/2019;8.702,1;Decrição produto 5809
09/06/2019;78.346,47;Decrição produto 5385
14/03/2019;77.966,21;Decrição produto 9260
05/07/2018;57.399,21;Decrição produto 0034
19/07/2018;7.126,66;Decrição produto 6240
20/04/2019;17.207,9;Decrição produto 7593
20/05/2019;46.924,82;Decrição produto 5479
28/07/2019;36.906,56;Decrição produto 4164
10/02/2019;15.287,81;Decrição produto 5002
31/05/2018;23.562,24;Decrição produto 0229
01/07/2019;59.355,38;Decrição produto 1916
23/10/2018;98.294,52;Decrição produto 3867
17/12/2018;35.703,50;Decrição produto 0980
26/04/2019;32.408,49;Decrição produto 2524
02/08/2018;19.565,76;Decrição produto 5659
11/08/2018;99.825,63;Decrição produto 9242
22/06/2018;27.468,8;Decrição produto 2091
06/07/2019;49.231,69;Decrição produto 4715
06/07/2019;55.769,70;Decrição produto 6901
06/05/2019;71.114,98;Decrição produto 7168
23/02/2019;61.541,37;Decrição produto 4441
21/08/2018;69.885,61;Decrição produto 6358
20/11/2018;99.722,14;Decrição produto 1495
28/01/2019;12.754,78;Decrição produto 7809
05/09/2019;62.645,55;Decrição produto 8519
24/12/2018;13.983,20;Decrição produto 5763
07/08/2018;62.359,71;Decrição produto 9833
08/06/2018;22.879,66;Decrição produto 5337
19/07/2019;75.299,4;Decrição produto 3672
02/12/2018;20.752,29;Decrição produto 8369
28/11/2018;4.849,27;Decrição produto 2952
10/09/2018;93.850,52;Decrição produto 0476
08/04/2019;14.417,99;Decrição produto 2774
11/11/2018;53.181,72;Decrição produto 0663
17/03/2019;4.219,13;Decrição produto 0967
26/01/2019;30.155,8;Decrição produto 8331
19/01/2019;75.833,59;Decrição produto 4323
29/12/2018;19.213,92;Decrição produto 6294
08/07/2019;27.784,34;Decrição produto 5434
31/07/2018;62.329,90;Decrição produto 3318
27/06/2019;45.937,10;Decrição produto 0502
11/04/2019;86.901,71;Decrição produto 0688
15/05/2019;12.953,71;Decrição produto 2213
12/11/2018;69.347,4;Decrição produto 8977
22/04/2019;7.436,6;Decrição produto 4155
14/09/2018;68.956,96;Decrição produto 6943
01/05/2018;0.379,9;Decrição produto 1266
24/02/2019;29.338,90;Decrição produto 5926
26/07/2019;60.141,59;Decrição produto 0425
14/10/2018;38.654,58;Decrição produto 7567
08/11/2018;30.422,85;Decrição produto 1357
23/01/2019;36.634,28;Decrição produto 6873
30/06/2019;95.221,45;Decrição produto 0731
06/05/2018;5.447,3;Decrição produto 4603
20/11/2018;48.443,88;Decrição produto 9281
02/09/2018;85.802,44;Decrição produto 3659
06/07/2019;18.471,30;Decrição produto 1314
08/07/2019;32.639,59;Decrição produto 3498
09/05/2018;75.619,13;Decrição produto 8736
29/04/2019;89.273,82;Decrição produto 1612
15/10/2018;3.925,95;Decrição produto 4428
27/06/2019;88.634,57;Decrição produto 0917
01/12/2018;48.661,33;Decrição produto 8344
08/09/2019;82.497,80;Decrição produto 1948
19/08/2018;32.787,21;Decrição produto 9884
19/11/2018;11.410,21;Decrição produto 8043
31/12/2018;1.639,68;Decrição produto 7960
19/05/2018;90.983,67;Decrição produto 0489
12/05/2018;44.528,2;Decrição produto 6277
23/02/2019;4.235,92;Decrição produto 6126
06/09/2018;88.384,63;Decrição produto 2872
20/12/2018;12.766,41;Decrição produto 7560
29/08/2018;86.224,2;Decrição produto 4824
08/04/2019;57.937,88;Decrição produto 6773
20/03/2019;31.783,72;Decrição produto 0226
15/07/2019;83.593,93;Decrição produto 3371
02/12/2018;13.316,24;Decrição produto 7946
30/06/2018;27.724,41;Decrição produto 9324
08/11/2018;88.293,82;Decrição produto 7489
14/06/2019;76.859,54;Decrição produto 7437
31/10/2018;47.417,6;Decrição produto 5675
04/08/2019;83.591,21;Decrição produto 0110
01/04/2019;17.930,38;Decrição produto 5538
09/10/2018;19.673,69;Decrição produto 7307
03/02/2019;46.201,21;Decrição produto 3885
06/06/2018;77.642,16;Decrição produto 5328
17/09/2018;28.673,17;Decrição produto 2759
19/07/2019;90.427,52;Decrição produto 8262
19/02/2019;81.190,80;Decrição produto 3582
18/07/2018;77.774,72;Decrição produto 6225
10/09/2018;0.793,2;Decrição produto 0749
21/07/2018;87.993,5;Decrição produto 5331
05/07/2018;60.954,14;Decrição produto 5362
20/08/2018;13.215,9;Decrição produto 0755
10/10/2018;53.168,88;Decrição produto 2615
07/04/2019;69.493,8;Decrição produto 2678
29/10/2018;14.982,17;Decrição produto 5051
28/05/2018;11.646,91;Decrição produto 2708
20/08/2018;55.544,2;Decrição produto 2147
08/06/2018;75.684,51;Decrição produto 6621
04/06/2019;26.684,66;Decrição produto 8657
09/10/2018;40.730,26;Decrição produto 9100
11/04/2019;51.413,48;Decrição produto 5001
12/04/2019;21.979,45;Decrição produto 3105
16/10/2018;36.461,35;Decrição produto 6581
14/03/2019;56.773,5;Decrição produto 7742
14/11/2018;96.981,55;Decrição produto 6156
20/03/2019;35.638,51;Decrição produto 4127
23/12/2018;15.480,42;Decrição produto 1115
09/03/2019;95.218,12;Decrição produto 5873
06/05/2018;58.809,21;Decrição produto 6341
06/12/2018;40.133,15;Decrição produto 5985
03/05/2018;35.894,67;Decrição produto 1384
13/05/2019;73.758,8;Decrição produto 1834
02/07/2019;74.454,50;Decrição produto 4171
15/03/2019;52.494,77;Decrição produto 9946
27/09/2018;87.400,44;Decrição produto 5649
19/05/2018;93.873,28;Decrição produto 7382
17/01/2019;89.906,20;Decrição produto 8996
30/04/2019;65.292,45;Decrição produto 2095
01/11/2018;66.603,23;Decrição produto 6167
15/09/2018;20.109,8;Decrição produto 3194
08/08/2019;31.188,97;Decrição produto 7446
08/09/2018;30.250,11;Decrição produto 4433
05/08/2018;93.922,4;Decrição produto 5527
24/04/2019;22.157,33;Decrição produto 2407
25/12/2018;7.907,95;Decrição produto 4921
22/06/2018;7.384,40;Decrição produto 5315
02/08/2018;36.473,32;Decrição produto 8204
01/09/2018;33.344,75;Decrição produto 1272
09/06/2018;96.488,74;Decrição produto 4085
24/09/2018;86.173,61;Decrição produto 0018
14/05/2018;49.593,1;Decrição produto 6946
03/01/2019;20.901,58;Decrição produto 5580
26/08/2019;83.813,33;Decrição produto 5974
02/12/2018;31.302,98;Decrição produto 6673
29/07/2019;27.998,53;Decrição produto 2509
24/07/2019;77.964,56;Decrição produto 7236
16/01/2019;18.185,10;Decrição produto 2241
10/04/2019;44.926,99;Decrição produto 5820
14/12/2018;73.666,42;Decrição produto 8278
07/05/2018;38.134,64;Decrição produto 3560
02/04/2019;65.209,39;Decrição produto 4388
03/08/2019;68.231,18;Decrição produto 4299
19/06/2018;61.828,52;Decrição produto 2165
26/06/2019;76.963,2;Decrição produto 5277
07/05/2018;88.373,18;Decrição produto 3464
09/12/2018;10.437,15;Decrição produto 3066
15/05/2018;73.356,91;Decrição produto 0975
24/06/2018;79.688,43;Decrição produto 4700
05/06/2019;29.198,82;Decrição produto 7851
07/12/2018;64.849,67;Decrição produto 1263
11/08/2019;52.600,56;Decrição produto 5059
17/11/2018;55.207,40;Decrição produto 0196
03/09/2019;90.127,98;Decrição produto 8258
19/08/2019;52.904,46;Decrição produto 8361
25/06/2019;24.869,90;Decrição produto 7244
26/08/2019;58.948,75;Decrição produto 8369
16/03/2019;96.237,77;Decrição produto 4780
28/12/2018;5.909,89;Decrição produto 1733
20/05/2019;20.472,0;Decrição produto 3777
05/05/2018;44.796,52;Decrição produto 6105
13/05/2018;84.314,95;Decrição produto 4866
19/07/2018;33.145,61;Decrição produto 5396
04/09/2019;81.656,7;Decrição produto 5352
16/08/2019;98.436,87;Decrição produto 8819
12/01/2019;71.704,90;Decrição produto 5409
27/05/2019;94.321,55;Decrição produto 2666
30/12/2018;69.321,85;Decrição produto 6652
13/02/2019;11.861,43;Decrição produto 8356
21/07/2019;68.869,26;Decrição produto 2604
22/08/2019;34.240,90;Decrição produto 2635
29/05/2018;40.440,30;Decrição produto 7875
06/10/2018;12.426,72;Decrição produto 0478
28/07/2018;62.320,51;Decrição produto 2807
26/07/2019;18.492,16;Decrição produto 0578
21/12/2018;25.146,3;Decrição produto 0908
17/02/2019;98.267,52;Decrição produto 5729
08/05/2019;15.226,6;Decrição produto 4981
04/02/2019;56.253,95;Decrição produto 9913
03/05/2019;82.187,87;Decrição produto 2401
17/05/2018;3.314,66;Decrição produto 1578
23/11/2018;84.321,0;Decrição produto 0496
14/09/2018;92.562,1;Decrição produto 7568
15/01/2019;22.350,9;Decrição produto 4131
24/05/2019;10.394,75;Decrição produto 5168
24/06/2019;31.320,5;Decrição produto 1751
08/07/2019;27.586,6;Decrição produto 9285
29/06/2019;32.683,16;Decrição produto 6765
08/09/2018;16.779,60;Decrição produto 6281
23/06/2019;61.529,30;Decrição produto 4303
27/01/2019;56.677,88;Decrição produto 9327
17/06/2019;9.679,37;Decrição produto 5957
27/02/2019;44.954,14;Decrição produto 7835
20/06/2019;14.716,76;Decrição produto 0165
29/06/2019;17.178,86;Decrição produto 9231
28/12/2018;37.100,37;Decrição produto 7285
05/05/2019;87.430,82;Decrição produto 1318
03/06/2018;17.344,87;Decrição produto 9186
03/06/2018;60.895,72;Decrição produto 5867
10/09/2018;73.561,6;Decrição produto 7202
29/11/2018;2.206,39;Decrição produto 9778
24/05/2019;38.296,41;Decrição produto 0004
20/07/2018;7.128,20;Decrição produto 9151
04/05/2019;24.969,95;Decrição produto 7670
16/05/2019;19.641,94;Decrição produto 0434
11/03/2019;97.684,90;Decrição produto 9808
27/01/2019;71.681,86;Decrição produto 5736
17/05/2018;2.362,12;Decrição produto 3498
17/07/2018;79.215,68;Decrição produto 6873
28/08/2018;1.214,90;Decrição produto 8984
16/06/2018;79.308,2;Decrição produto 6214
20/03/2019;89.822,29;Decrição produto 8976
25/08/2019;79.584,11;Decrição produto 2208
01/08/2018;86.940,90;Decrição produto 2484
16/10/2018;83.889,3;Decrição produto 4200
26/07/2019;49.633,54;Decrição produto 1588
23/03/2019;76.561,99;Decrição produto 6139
28/06/2019;71.208,90;Decrição produto 4948
03/06/2018;12.137,48;Decrição produto 3575
16/03/2019;72.591,28;Decrição produto 7081
07/11/2018;72.122,83;Decrição produto 9219
11/01/2019;43.977,72;Decrição produto 5705
10/10/2018;18.455,38;Decrição produto 2526
19/08/2019;71.985,59;Decrição produto 0375
25/07/2018;29.925,53;Decrição produto 4043
20/02/2019;79.139,33;Decrição produto 0672
14/03/2019;98.482,2;Decrição produto 2456
16/07/2019;43.933,46;Decrição produto 3130
07/08/2019;87.225,46;Decrição produto 5642
26/06/2019;42.201,34;Decrição produto 8103
23/06/2019;18.648,40;Decrição produto 9051
07/06/2019;2.225,79;Decrição produto 1395
26/08/2018;56.521,78;Decrição produto 1473
19/11/2018;63.436,63;Decrição produto 6663
22/09/2018;59.246,13;Decrição produto 0048
16/03/2019;34.322,93;Decrição produto 6181
31/05/2018;87.632,22;Decrição produto 8299
11/06/2018;60.116,60;Decrição produto 3421
29/05/2019;94.917,32;Decrição produto 2675
02/07/2019;82.766,54;Decrição produto 4442
07/09/2018;93.839,8;Decrição produto 8387
08/12/2018;26.191,62;Decrição produto 2555
22/07/2018;90.699,6;Decrição produto 8015
17/05/2019;83.818,60;Decrição produto 6923
12/06/2018;36.777,60;Decrição produto 3242
08/06/2019;1.140,34;Decrição produto 7179
02/05/2019;79.931,82;Decrição produto 0117
07/10/2018;14.661,20;Decrição produto 0505
01/07/2018;28.691,53;Decrição produto 4904
28/07/2018;19.730,20;Decrição produto 9675
02/09/2018;19.104,92;Decrição produto 3463
24/03/2019;75.539,41;Decrição produto 6908
24/05/2018;88.589,70;Decrição produto 3288
02/05/2019;79.233,97;Decrição produto 9066
27/05/2019;91.353,7;Decrição produto 6096
19/05/2019;82.299,49;Decrição produto 3128
04/06/2018;46.688,91;Decrição produto 5649
29/12/2018;40.117,77;Decrição produto 1672
12/08/2018;93.615,94;Decrição produto 0020
06/06/2018;2.843,47;Decrição produto 6908
28/06/2018;75.395,7;Decrição produto 2324
22/01/2019;71.472,37;Decrição produto 9968
16/11/2018;63.195,81;Decrição produto 3014
07/06/2018;75.369,24;Decrição produto 9047
19/05/2019;36.362,67;Decrição produto 9630
22/08/2018;23.422,85;Decrição produto 5440
06/09/2019;54.535,29;Decrição produto 5606
06/04/2019;79.574,66;Decrição produto 6984
11/06/2018;54.120,41;Decrição produto 4580
05/04/2019;93.297,62;Decrição produto 8190
10/12/2018;20.195,5;Decrição produto 3765
11/09/2018;73.436,40;Decrição produto 6995
03/07/2019;38.355,0;Decrição produto 1104
25/02/2019;56.803,94;Decrição produto 4681
03/09/2018;7.855,93;Decrição produto 9123
19/04/2019;40.458,85;Decrição produto 1635
24/06/2018;1.683,39;Decrição produto 4428
06/04/2019;85.299,88;Decrição produto 5787
17/09/2018;84.833,76;Decrição produto 2924
19/09/2018;52.851,84;Decrição produto 2525
27/04/2019;60.244,81;Decrição produto 8295
24/08/2018;72.841,18;Decrição produto 4661
16/05/2018;52.857,14;Decrição produto 5609
11/04/2019;62.862,27;Decrição produto 9594
08/03/2019;82.191,84;Decrição produto 7269
24/01/2019;68.818,37;Decrição produto 6121
15/06/2019;65.924,21;Decrição produto 1074
11/07/2018;43.517,77;Decrição produto 9349
21/06/2018;50.670,54;Decrição produto 3234
19/04/2019;86.312,12;Decrição produto 0400
18/11/2018;9.457,60;Decrição produto 3561
24/07/2019;34.163,75;Decrição produto 1207
25/08/2019;12.434,9;Decrição produto 4662
29/10/2018;97.111,40;Decrição produto 7715
11/12/2018;32.428,59;Decrição produto 7417
21/04/2019;24.633,0;Decrição produto 5835
30/07/2018;38.632,12;Decrição produto 8610
11/09/2019;92.886,95;Decrição produto 8538
12/06/2018;53.233,10;Decrição produto 8974
24/07/2019;56.461,61;Decrição produto 4945
05/11/2018;28.515,18;Decrição produto 7107
09/09/2019;1.996,84;Decrição produto 2272
03/06/2019;62.474,51;Decrição produto 1240
04/07/2019;19.904,54;Decrição produto 3299
03/04/2019;37.524,69;Decrição produto 7711
15/11/2018;84.411,50;Decrição produto 7399
09/11/2018;22.325,8;Decrição produto 1844
12/01/2019;11.820,95;Decrição produto 4205
22/05/2019;69.200,14;Decrição produto 9465
25/08/2018;94.282,23;Decrição produto 6207
10/03/2019;30.637,78;Decrição produto 7246
20/08/2019;49.169,44;Decrição produto 3304
07/11/2018;71.931,72;Decrição produto 3046
29/06/2018;49.715,91;Decrição produto 9249
19/03/2019;56.274,51;Decrição produto 5942
06/08/2018;69.960,83;Decrição produto 4830
14/07/2019;85.473,96;Decrição produto 3983
10/01/2019;80.880,33;Decrição produto 6351
20/08/2019;11.541,54;Decrição produto 9732
01/09/2018;54.984,86;Decrição produto 9905
14/05/2018;35.160,84;Decrição produto 1767
17/12/2018;71.874,74;Decrição produto 7682
10/08/2019;27.864,80;Decrição produto 5399
11/11/2018;49.657,91;Decrição produto 9133
10/05/2019;38.268,17;Decrição produto 1958
17/05/2019;44.689,59;Decrição produto 1802
21/04/2019;90.723,81;Decrição produto 3294
08/09/2018;66.592,58;Decrição produto 3046
27/01/2019;49.725,7;Decrição produto 0212
17/03/2019;17.892,97;Decrição produto 7472
26/07/2019;51.234,23;Decrição produto 8181
21/03/2019;12.823,68;Decrição produto 8388
24/03/2019;68.619,40;Decrição produto 3924
21/03/2019;81.363,20;Decrição produto 4670
18/01/2019;70.677,44;Decrição produto 6285
07/12/2018;67.415,65;Decrição produto 4747
24/07/2019;78.256,57;Decrição produto 3064
08/03/2019;32.811,47;Decrição produto 0271
24/08/2019;20.669,31;Decrição produto 6601
01/03/2019;7.466,62;Decrição produto 9514
05/06/2018;50.778,63;Decrição produto 4398
06/05/2018;38.218,8;Decrição produto 1098
24/04/2019;6.846,89;Decrição produto 3208
16/07/2018;60.429,93;Decrição produto 9723
12/11/2018;40.695,99;Decrição produto 4023
10/12/2018;93.535,66;Decrição produto 6267
13/08/2019;71.115,89;Decrição produto 6197
13/07/2019;12.671,86;Decrição produto 2778
09/06/2018;41.105,68;Decrição produto 1012
17/03/2019;55.401,4;Decrição produto 9907
08/08/2018;58.422,63;Decrição produto 5757
08/09/2019;61.851,72;Decrição produto 3024
05/03/2019;27.981,77;Decrição produto 4342
14/05/2019;45.605,27;Decrição produto 9037
04/07/2019;4.891,38;Decrição produto 7141
29/06/2018;47.163,56;Decrição produto 8686
07/10/2018;24.668,8;Decrição produto 4413
13/08/2019;16.711,91;Decrição produto 9784
23/06/2019;59.674,22;Decrição produto 6691
09/04/2019;49.381,50;Decrição produto 3911
05/06/2019;62.155,73;Decrição produto 2928
30/07/2018;19.288,39;Decrição produto 2183
17/12/2018;30.226,33;Decrição produto 3490
02/05/2018;41.291,33;Decrição produto 0788
27/06/2019;13.994,26;Decrição produto 1046
13/09/2018;52.186,17;Decrição produto 9956
06/07/2018;12.345,4;Decrição produto 6075
18/05/2019;47.199,35;Decrição produto 9089
09/11/2018;29.555,35;Decrição produto 0962
27/12/2018;94.728,87;Decrição produto 4122
01/09/2019;82.735,46;Decrição produto 2461
23/06/2019;25.428,82;Decrição produto 9588
17/12/2018;79.755,65;Decrição produto 6958
12/08/2018;68.707,33;Decrição produto 5699
15/06/2018;66.818,30;Decrição produto 0621
06/04/2019;16.330,30;Decrição produto 6911
10/11/2018;44.523,19;Decrição produto 9981
27/09/2018;68.528,28;Decrição produto 9043
22/05/2019;69.135,56;Decrição produto 9251
01/09/2019;15.723,7;Decrição produto 3763
29/12/2018;84.218,73;Decrição produto 6018
05/08/2019;31.812,44;Decrição produto 4381
26/07/2019;36.704,11;Decrição produto 1306
22/10/2018;48.460,17;Decrição produto 7378
03/10/2018;34.938,96;Decrição produto 7999
14/06/2019;13.711,72;Decrição produto 7643
26/04/2019;41.789,48;Decrição produto 5383
25/07/2019;59.381,49;Decrição produto 9048
17/10/2018;14.638,40;Decrição produto 3965
07/07/2019;84.572,74;Decrição produto 5892
05/03/2019;88.341,55;Decrição produto 0338
27/08/2018;18.950,45;Decrição produto 4451
14/05/2018;76.496,45;Decrição produto 8329
17/05/2018;35.616,17;Decrição produto 9452
18/06/2018;31.918,88;Decrição produto 1689
18/06/2019;3.786,46;Decrição produto 8634
01/11/2018;76.283,51;Decrição produto 8824
03/06/2019;0.103,84;Decrição produto 3804
21/08/2018;46.964,54;Decrição produto 2741
18/07/2019;35.909,93;Decrição produto 0155
28/07/2019;58.223,97;Decrição produto 6390
06/03/2019;79.415,21;Decrição produto 7146
01/05/2019;59.691,20;Decrição produto 2140
03/04/2019;57.419,35;Decrição produto 0557
30/08/2019;76.958,64;Decrição produto 2854
09/11/2018;55.868,7;Decrição produto 3367
01/12/2018;60.985,12;Decrição produto 6682
29/11/2018;22.463,7;Decrição produto 3635
14/10/2018;93.783,91;Decrição produto 2081
04/08/2018;45.408,16;Decrição produto 2550
14/03/2019;12.685,59;Decrição produto 8092
07/06/2018;78.566,12;Decrição produto 7023
15/02/2019;6.297,72;Decrição produto 8843
03/08/2018;91.884,63;Decrição produto 3659
11/07/2018;54.631,87;Decrição produto 4558
05/06/2018;20.797,55;Decrição produto 5336
24/12/2018;59.517,20;Decrição produto 3215
07/06/2019;92.684,43;Decrição produto 5405
10/04/2019;91.836,41;Decrição produto 0763
28/11/2018;35.416,47;Decrição produto 7415
21/08/2018;80.690,85;Decrição produto 0296
02/05/2019;4.378,34;Decrição produto 8903
10/11/2018;43.118,35;Decrição produto 6314
23/10/2018;63.616,28;Decrição produto 6474
21/03/2019;9.311,49;Decrição produto 8366
23/11/2018;65.537,77;Decrição produto 0588
29/10/2018;32.555,76;Decrição produto 5194
08/09/2019;21.762,75;Decrição produto 2183
07/03/2019;25.332,63;Decrição produto 4851
27/08/2019;63.754,44;Decrição produto 7775
10/12/2018;84.849,31;Decrição produto 0622
01/09/2019;18.152,80;Decrição produto 7129
25/02/2019;21.560,50;Decrição produto 9117
02/04/2019;92.722,53;Decrição produto 8040
09/09/2019;80.350,99;Decrição produto 5118
12/11/2018;88.538,56;Decrição produto 5844
14/02/2019;92.639,51;Decrição produto 6442
19/03/2019;64.887,75;Decrição produto 9424
10/02/2019;44.304,75;Decrição produto 9067
04/07/2018;6.720,56;Decrição produto 0633
26/11/2018;92.118,20;Decrição produto 6529
06/11/2018;66.945,40;Decrição produto 0301
27/02/2019;71.820,78;Decrição produto 3647
20/04/2019;82.512,94;Decrição produto 1903
29/08/2018;21.203,92;Decrição produto 3831
14/08/2018;76.537,72;Decrição produto 5473
05/09/2019;53.230,75;Decrição produto 9192
01/12/2018;11.162,79;Decrição produto 8236
10/07/2018;88.859,68;Decrição produto 4795
25/05/2018;74.497,79;Decrição produto 4198
10/05/2018;28.365,59;Decrição produto 1935
23/09/2018;89.729,92;Decrição produto 4023
07/06/2018;71.212,99;Decrição produto 2328
01/06/2019;66.378,52;Decrição produto 1589
